{
  "shuffle": true,
  "subset": null,
  "min_freq": 75,
  "lower": true,
  "stem": false,
  "analyzer": "char_wb",
  "ngram_max_range": 6,
  "alpha": 0.0001,
  "learning_rate": 0.1940891866743524,
  "num_epochs": 100,
  "power_t": 0.4062949564981331,
  "threshold": 0.42786854109511074
}
