{
  "shuffle": true,
  "subset": null,
  "min_freq": 75,
  "lower": true,
  "stem": false,
  "analyzer": "char_wb",
  "ngram_max_range": 5,
  "alpha": 0.0001,
  "learning_rate": 0.11229790521602706,
  "num_epochs": 100,
  "power_t": 0.21327910825897306,
  "threshold": 0.43585800225521465
}
