{
  "shuffle": true,
  "subset": null,
  "min_freq": 75,
  "lower": true,
  "stem": false,
  "analyzer": "char_wb",
  "ngram_max_range": 5,
  "alpha": 0.0001,
  "learning_rate": 0.14716088100828525,
  "num_epochs": 100,
  "power_t": 0.14329277974518517,
  "threshold": 0.4321109295849808
}
